"MS-DRG","MDC","TYPE","MS-DRG Title","DRGandTitle","Weights","Geometric mean LOS","Arithmetic mean LOS"
"006","PRE","SURG","Liver transplant w/o MCC","006 - Liver transplant w/o MCC","4.8291974787000003","8.9306100363999992","10.245614035099999"
"017","PRE","SURG","AUTOLOGOUS BONE MARROW TRANSPLANT W/O CC/MCC","017 - AUTOLOGOUS BONE MARROW TRANSPLANT W/O CC/MCC","4.1603000000000003","8.9000000000000004","12.4"
"020","01","SURG","Intracranial vascular procedures w PDX hemorrhage w MCC","020 - Intracranial vascular procedures w PDX hemorrhage w MCC","8.3275542558000009","14.8319947313","18.3525423729"
"023","01","SURG","Cranio w major dev impl/acute complex CNS PDX w MCC or chemo implant","023 - Cranio w major dev impl/acute complex CNS PDX w MCC or chemo implant","5.0763183903","8.8936950968000001","12.679356568399999"
"025","01","SURG","Craniotomy & endovascular intracranial procedures w MCC","025 - Craniotomy & endovascular intracranial procedures w MCC","5.0324309128999998","9.8973464770999993","13.0331148672"
"028","01","SURG","Spinal procedures w MCC","028 - Spinal procedures w MCC","5.1853132673999998","10.722250773300001","14.305522208899999"
"029","01","SURG","Spinal procedures w CC or spinal neurostimulators","029 - Spinal procedures w CC or spinal neurostimulators","2.7949248066000001","5.1403964662000003","7.1091205212000004"
"030","01","SURG","Spinal procedures w/o CC/MCC","030 - Spinal procedures w/o CC/MCC","1.5395326063999999","2.7933059699","3.7288784221000002"
"031","01","SURG","Ventricular shunt procedures w MCC","031 - Ventricular shunt procedures w MCC","4.3898658652","9.3609628893999997","13.146627565999999"
"033","01","SURG","Ventricular shunt procedures w/o CC/MCC","033 - Ventricular shunt procedures w/o CC/MCC","1.3333653905","2.3189077971000001","3.0400663166999999"
"037","01","SURG","Extracranial procedures w MCC","037 - Extracranial procedures w MCC","3.0207791279","5.9064996527","8.5478206982000007"
"038","01","SURG","Extracranial procedures w CC","038 - Extracranial procedures w CC","1.5585288101999999","2.5462843123000001","3.7666855203999998"
"039","01","SURG","Extracranial procedures w/o CC/MCC","039 - Extracranial procedures w/o CC/MCC","1.0056535142","1.4681675301999999","1.8279940668000001"
"054","01","MED","Nervous system neoplasms w MCC","054 - Nervous system neoplasms w MCC","1.5844477450000001","5.1720456803000001","6.9524627720999996"
"055","01","MED","Nervous system neoplasms w/o MCC","055 - Nervous system neoplasms w/o MCC","1.0780656103999999","3.7782790152999999","5.0729160267999998"
"056","01","MED","Degenerative nervous system disorders w MCC","056 - Degenerative nervous system disorders w MCC","1.6310677607999999","5.7111719602999997","7.7657613967000003"
"060","01","MED","Multiple sclerosis & cerebellar ataxia w/o CC/MCC","060 - Multiple sclerosis & cerebellar ataxia w/o CC/MCC","0.69779448150000001","3.3569873428000001","3.9675356615999999"
"062","01","MED","Acute ischemic stroke w use of thrombolytic agent w CC","062 - Acute ischemic stroke w use of thrombolytic agent w CC","1.9505378692999999","5.2745188356000003","6.2679658951999997"
"063","01","MED","Acute ischemic stroke w use of thrombolytic agent w/o CC/MCC","063 - Acute ischemic stroke w use of thrombolytic agent w/o CC/MCC","1.5168483039","3.9162770908","4.5124905374999997"
"064","01","MED","Intracranial hemorrhage or cerebral infarction w MCC","064 - Intracranial hemorrhage or cerebral infarction w MCC","1.8446467025","5.5007976000000003","7.4678368870999998"
"068","01","MED","Nonspecific cva & precerebral occlusion w/o infarct w/o MCC","068 - Nonspecific cva & precerebral occlusion w/o infarct w/o MCC","0.84492222780000004","2.7315989906999998","3.4486481742000001"
"069","01","MED","Transient ischemia","069 - Transient ischemia","0.71425251960000002","2.4433552716000002","2.9923757122999999"
"085","01","MED","Traumatic stupor & coma, coma <1 hr w MCC","085 - Traumatic stupor & coma, coma <1 hr w MCC","2.0942233464000002","5.5199768961000002","7.6398910824000001"
"086","01","MED","Traumatic stupor & coma, coma <1 hr w CC","086 - Traumatic stupor & coma, coma <1 hr w CC","1.2048825123","3.8945051564000002","5.0030527693"
"087","01","MED","Traumatic stupor & coma, coma <1 hr w/o CC/MCC","087 - Traumatic stupor & coma, coma <1 hr w/o CC/MCC","0.80075501329999998","2.5768881251","3.2741375318000001"
"088","01","MED","Concussion w MCC","088 - Concussion w MCC","1.5774374175000001","4.2421602736999997","5.8748241913000001"
"094","01","MED","Bacterial & tuberculous infections of nervous system w MCC","094 - Bacterial & tuberculous infections of nervous system w MCC","3.3476615167000001","9.2401182620999993","11.8547182621"
"095","01","MED","Bacterial & tuberculous infections of nervous system w CC","095 - Bacterial & tuberculous infections of nervous system w CC","2.1933629244000001","6.8916478700999999","8.6359223300999997"
